"district","hour","age1","age2","age3","age4"
"001","4am",2466,1646.08,3046.97,2041.03
"001","5am",2466,1646.08,3046.97,2041.03
"001","6am",2466,1646.08,3046.97,2041.03
"001","7am",2396.55,1425.24,3188.29,2041.03
"001","8am",2452.22,1525.38,3222.45,1996.96
"001","9am",2716.63,1617.14,4895.84,1929.29
"001","10am",2566.79,1959.89,5147.86,2037.22
"001","11am",2759.78,2050.54,4892.33,2406.16
"001","12am",2522.51,1902.27,4725.91,1874.43
"001","1pm",2612.08,2103.14,4628.96,1806.05
"001","2pm",2793.46,1645.75,4562.92,2240.08
"001","3pm",2832.11,1780.88,4405.83,2672.31
"001","4pm",3178.12,2041.31,4237.34,2891.52
"001","5pm",2774.66,1709.02,4040.14,2148.88
"001","6pm",1923.85,1616.68,3769.15,2475.21
"001","7pm",2322.51,1922.1,3608.62,2154.75
"001","8pm",2545.7,2405.34,3012.43,2232.84
"001","9pm",3541.84,2448.82,2861.78,2171.03
"001","10pm",3811.88,2058.14,3050.65,2085.1
"001","11pm",3877.34,2110.39,3070.23,2059.72
"001","12pm",3531.95,1972.03,3023.22,2103.79
"001","1am",3064.41,1791.5,3110.27,2147.85
"001","2am",2867.74,1791.5,3110.27,2147.85
"001","3am",2832.67,1715.53,3110.27,2147.85
"002","4am",6037.16,3197.36,3346.83,3704.37
"002","5am",6037.16,3197.36,3346.83,3704.37
"002","6am",6037.16,3303.77,3503.49,3704.37
"002","7am",6089.85,3131.91,3815.46,3704.37
"002","8am",11778.96,3127.3,5668.85,3371.84
"002","9am",13248.72,4751.36,9202.77,3433.61
"002","10am",15766.28,4836.71,11619.98,4392.52
"002","11am",16336.54,5790.43,12912.19,5417.87
"002","12am",15624.08,6371.43,12445.85,5302.89
"002","1pm",15073.74,5994.64,14254.06,5317.46
"002","2pm",17385.03,6309.7,12490.89,5062.26
"002","3pm",17277.6,6491.19,11760.15,5935.51
"002","4pm",16677.95,5302.86,12095.02,5035.38
"002","5pm",15537.12,5065.73,11039.69,4348.01
"002","6pm",13010.05,5772.55,8739.33,4083.89
"002","7pm",9418.74,5116.88,7162.28,4788.61
"002","8pm",9436.67,4622.29,6117.32,4522.28
"002","9pm",8531.22,5055.94,5228.91,4473.17
"002","10pm",8627.33,5058.75,5133.63,4617.62
"002","11pm",8491.1,4517.17,4400.13,4256.18
"002","12pm",7306.3,3720.45,3838.43,4165.84
"002","1am",6783.33,3546.55,4050.74,4165.84
"002","2am",6160.18,3256.63,4013.08,4089.87
"002","3am",6229.3,3340.06,3950.36,4089.87
"003","4am",8284.25,3663.76,5635.2,2618.9
"003","5am",8284.25,3663.76,5635.2,2618.9
"003","6am",8284.25,3663.76,5635.2,2618.9
"003","7am",8255.99,3644.65,5756.81,2618.9
"003","8am",6667.85,3523.97,6279.85,2841.09
"003","9am",5515.25,2959.9,9744.99,2926.2
"003","10am",4791.21,3474.44,9810.21,3056.32
"003","11am",5255.37,3877.08,9547.53,2737.86
"003","12am",5388.37,3323.18,9780.67,2745.14
"003","1pm",5873.92,3598.26,9090.98,2790.38
"003","2pm",5292.97,3592.68,9188.21,2495.99
"003","3pm",5030.67,3742.56,9452.82,2736.21
"003","4pm",5089.5,3525.43,9434.7,2721.35
"003","5pm",5503.98,3507.43,8435.31,2607.14
"003","6pm",6120.02,3696.72,5981.78,2537.07
"003","7pm",7786.97,3387.94,5956.25,2732.53
"003","8pm",7492.55,3344.72,5774.06,2803.18
"003","9pm",8052.9,3463.74,6132.87,2704.01
"003","10pm",8178.36,3867.72,5929.22,2618.9
"003","11pm",7879.18,3707.89,5826.55,2618.9
"003","12pm",7892.14,3892.67,5717.02,2618.9
"003","1am",8338.15,3816.03,5716.02,2618.9
"003","2am",8411.03,3784.04,5716.02,2618.9
"003","3am",8336.6,3784.04,5716.02,2618.9
"004","4am",4512.7,2845.42,3825.8,2349.89
"004","5am",4512.7,3030.91,3868,2349.89
"004","6am",4512.7,3030.91,3815.51,2349.89
"004","7am",4591.71,3048.1,3756.51,2465.76
"004","8am",3987.24,2986.95,4511.27,2465.76
"004","9am",4097.84,3987.83,6155.23,2798.29
"004","10am",3989.49,3801.48,7584.5,2862.23
"004","11am",4251.27,3686.61,7330.69,3347.85
"004","12am",4240.55,3579.79,7165.3,2795.62
"004","1pm",3880.13,4187.27,7287.03,2334.25
"004","2pm",3397.43,4009.22,7123.83,2909.72
"004","3pm",3321.69,3958.7,7508.34,3377.75
"004","4pm",3317.17,4094.25,7354.61,3907.33
"004","5pm",3142.64,4160.78,6088.3,3009.52
"004","6pm",3663.56,3384.31,5635.77,3033.6
"004","7pm",4502.31,3449.46,5683.26,2486.56
"004","8pm",5538.29,4327.6,4829.74,2639.63
"004","9pm",5802.92,4071.98,4887.36,2476.96
"004","10pm",5596.72,4545.26,4621.7,2325.44
"004","11pm",5339.42,4265.25,4712.85,2398.74
"004","12pm",5056.2,3667.46,4299.65,2359.58
"004","1am",4985.27,3691.33,4224.59,2359.58
"004","2am",4987.58,3652.4,3950.23,2435.55
"004","3am",4615.72,3209.52,3843.82,2435.55
"005","4am",4080.41,3617.85,4701.57,3644.92
"005","5am",4080.41,3524.83,4701.57,3644.92
"005","6am",4080.41,3431.81,4608.55,3644.92
"005","7am",3801.35,3544.05,4671.14,3644.92
"005","8am",3133.98,2460.78,5077.15,3464.7
"005","9am",2832.04,2078.64,4873.23,3443.49
"005","10am",2650.8,2018.31,5287.83,3270.39
"005","11am",2615.47,1882.18,4864.04,3324.97
"005","12am",2628.33,2211.08,4661.67,3343.72
"005","1pm",3317.17,2463.81,4442.58,3314.04
"005","2pm",2480.78,2213.69,4369.9,3224.75
"005","3pm",2387.7,2121.77,4401.28,2601.88
"005","4pm",2796.32,1784.22,4436.71,2936.07
"005","5pm",2808.87,2220.89,4706.58,3651.55
"005","6pm",2947.85,2643.71,4771.82,3368.34
"005","7pm",3703.42,2859.31,4194.34,3431.05
"005","8pm",3897.57,3094.23,4402.53,3376.61
"005","9pm",3967.67,3179.85,4964.6,3640.28
"005","10pm",3919.56,3128.92,5056.2,3727.48
"005","11pm",4296.82,3049.2,4933.81,3825.13
"005","12pm",4173.86,3238.82,4755.06,3918.15
"005","1am",4275.15,3463.11,4755.06,3918.15
"005","2am",4103.68,3463.11,4828.36,3918.15
"005","3am",4137.92,3556.13,4828.36,3918.15
"006","4am",2998.43,4863.7,5748.59,1533.66
"006","5am",2998.43,4943.62,5980.25,1533.66
"006","6am",2918.6,4943.62,6135.98,1533.66
"006","7am",2919.7,5059.18,6308.48,1718.74
"006","8am",2942.3,4635.47,6812.89,1718.74
"006","9am",3000.61,3540.47,7642.06,1753.26
"006","10am",2541.69,3510.9,7568.85,1962.89
"006","11am",2369.94,3100.55,7448.27,1822.49
"006","12am",2449.37,3070.27,7622.29,1519.52
"006","1pm",2607.71,3014.14,6740.98,1349.82
"006","2pm",2214.17,3540.91,6909.77,1551.67
"006","3pm",2294,3377.2,7616.74,1760.19
"006","4pm",2017.03,3425.73,7570.32,1588.44
"006","5pm",2283.36,3351.57,6987.84,1429.65
"006","6pm",2439.03,3709.39,5940.02,1693.32
"006","7pm",2882.51,3800.75,5207.75,1755.35
"006","8pm",2371.38,4290.68,5087.28,1785.25
"006","9pm",2487.48,4230.83,5346.66,1950.18
"006","10pm",2573.3,4470.07,5374.36,1950.18
"006","11pm",2606.38,4470.07,5563.22,1693.32
"006","12pm",2845.88,4701.51,5863.23,1785.25
"006","1am",2845.88,4609.58,5863.23,1785.25
"006","2am",3017.63,4781.34,5863.23,1785.25
"006","3am",3017.63,4781.34,5747.06,1785.25
"007","4am",2080.17,3669.05,4903.45,2232.02
"007","5am",2080.17,3669.05,5032.88,2232.02
"007","6am",2017.44,3669.05,4847.49,2232.02
"007","7am",2130.24,3194.53,4571.01,2232.02
"007","8am",2595.93,2347.16,4228.72,2232.02
"007","9am",2740.88,2201.44,4448.69,2091.94
"007","10am",2515.47,2328.63,4017.86,2060.58
"007","11am",2608.01,1822.91,3376.82,1959.19
"007","12am",2804.63,1603.96,3768.26,2177.92
"007","1pm",2827.89,1710.77,3926.19,2406.29
"007","2pm",3088.77,2138.68,4292.97,2414.81
"007","3pm",2998.44,1936.94,4448.69,2085.28
"007","4pm",3191.79,1895.31,4357.75,2176.09
"007","5pm",2927.24,2459.28,4179.22,2049.81
"007","6pm",2062.15,2837.17,3685.67,2519.86
"007","7pm",1928.62,2816.94,3957.81,2381.09
"007","8pm",1800.05,2806.51,4515.3,2327.63
"007","9pm",1895.98,3193.23,5081.65,2327.63
"007","10pm",2016.46,3237.68,5239.99,2327.63
"007","11pm",2059.75,3449.17,5112.41,2327.63
"007","12pm",2034.74,3754.89,4936.35,2327.63
"007","1am",2034.74,3754.89,4936.35,2327.63
"007","2am",2061.49,3639.02,4936.35,2327.63
"007","3am",2061.49,3639.02,4999.07,2327.63
"008","4am",4102.61,3087.51,6587.42,2919.49
"008","5am",4102.61,3087.51,6677.96,2919.49
"008","6am",4102.61,2981.1,6615.57,2919.49
"008","7am",3642.66,2955.98,6572.02,2919.49
"008","8am",3074.37,2985.85,5467.09,2831.1
"008","9am",2971.98,1906.71,5888.79,2616.5
"008","10am",2109.17,1340.44,6472.06,2956.47
"008","11am",2002.78,1424.41,6314.61,2910.81
"008","12am",2160.84,1506.89,5862.15,2477.26
"008","1pm",2355.64,1877.88,5514.35,2756.43
"008","2pm",2159.74,2114.19,5173.32,2164.34
"008","3pm",2517.73,2218.72,6521.91,2002.15
"008","4pm",2399.85,1981.17,6201.1,2124.5
"008","5pm",2463.57,2223.92,6201.08,2004.72
"008","6pm",3267.02,2152.9,5636.97,2213.11
"008","7pm",3602.65,2491.39,6211.17,2620.73
"008","8pm",3592.98,2503.11,5917.83,2638.76
"008","9pm",3702.93,2550.72,6361.81,2638.76
"008","10pm",3395.84,2573.62,6120.77,2638.76
"008","11pm",3407.59,2635.97,6328.83,2814.62
"008","12pm",3646.41,3114.3,6569.55,2903.01
"008","1am",3687.23,3068.53,6536.93,2903.01
"008","2am",3687.23,3100.96,6476.04,2903.01
"008","3am",3793.64,3100.96,6582.45,2903.01
"009","4am",2064.36,4096.06,5856.3,3014.49
"009","5am",2064.36,4096.06,5856.3,3014.49
"009","6am",2064.36,4096.06,5771.19,3014.49
"009","7am",1836.03,3606.09,5964.65,3014.49
"009","8am",2794.92,3293.9,4796.29,2914.83
"009","9am",3470.4,2748.7,4254,2460.17
"009","10am",3269.02,2140.63,4245.53,2713.34
"009","11am",2944.71,2216.19,3907.05,2203.2
"009","12am",3110.5,1932.16,3893.81,2978.18
"009","1pm",3167.13,2055,4625.05,2642.65
"009","2pm",3721.97,2191.72,4523.85,2283.31
"009","3pm",3656.78,1944.52,4137.16,2283.31
"009","4pm",3286.09,2040.81,4414.65,2182.27
"009","5pm",2947.95,2020.08,4266.14,2909.72
"009","6pm",2032.44,2652.93,4103.14,2980.37
"009","7pm",1592.82,3810.46,5010.59,3005.55
"009","8pm",1581.67,3823.34,4976.7,2871.49
"009","9pm",1822.6,3995.1,4902.6,2888.34
"009","10pm",1979.25,3987.2,5216.27,2973.45
"009","11pm",2330.75,4040.18,5352.38,3058.56
"009","12pm",2330.75,3992.24,5686.59,3058.56
"009","1am",2110.06,4220.58,5642.52,3014.49
"009","2am",2064.36,4220.58,5856.3,3014.49
"009","3am",2064.36,4176.51,5856.3,3014.49
"010","4am",3677.19,2016.74,4991.09,3169.11
"010","5am",3677.19,2016.74,4991.09,3169.11
"010","6am",3677.19,2016.74,4991.09,3169.11
"010","7am",3598.53,2123.55,5058.44,3169.11
"010","8am",2331.03,1849.32,4315.11,3180.71
"010","9am",1747.77,1633.37,3572.98,3355.94
"010","10am",1579.18,1461.09,3949.02,3177.69
"010","11am",1723.03,1549.34,3354.34,2975.1
"010","12am",1735.12,1597.67,3220.85,3504.33
"010","1pm",1980.93,1654.91,3177.65,3493.11
"010","2pm",1581.4,1502.23,3357.97,3365.23
"010","3pm",1740.54,1352.67,3285.63,3005.01
"010","4pm",1787.43,1669.83,3257.9,2855.78
"010","5pm",1958.56,1207.43,2638.37,3110.99
"010","6pm",2092.56,957.42,3215.99,3146.55
"010","7pm",2716.02,1398.07,3707.77,3195.85
"010","8pm",3012.76,1215.03,4349.76,3169.11
"010","9pm",2930.95,1735.05,4660.89,3090.45
"010","10pm",2905.9,1347.56,4608.98,3090.45
"010","11pm",2957.59,1504.88,4835.02,3090.45
"010","12pm",3002.21,1505.42,5008.96,3090.45
"010","1am",3274.51,1472.15,5031.18,3090.45
"010","2am",3404.89,1472.15,4917.01,3090.45
"010","3am",3404.89,1744.44,4917.01,3090.45
"011","4am",4200.85,3375.98,6195.6,4388.69
"011","5am",4200.85,3190.49,6195.6,4388.69
"011","6am",4200.85,3190.49,6020.09,4388.69
"011","7am",4200.85,3113.5,5866.11,4388.69
"011","8am",3411.36,2514.41,5942.28,4390.36
"011","9am",2566.98,2257.53,4906.26,4303.29
"011","10am",2069.94,1911.6,4088.34,3654.14
"011","11am",1914.36,2029.7,4243.22,3542.04
"011","12am",2241.58,2331.57,4169.58,4209.74
"011","1pm",2379.96,2259.61,5400.79,4455.68
"011","2pm",1813.67,1950.14,4623.49,4444.01
"011","3pm",1752.1,1881.3,4219.77,4123.45
"011","4pm",1820.73,1521.81,3955.3,4303.22
"011","5pm",2545.18,2343.97,4290.13,3650.74
"011","6pm",3168.58,2576.65,4732.49,4036.34
"011","7pm",3551.92,3478.12,5320.54,3655.95
"011","8pm",3636.35,3607.53,6030.63,3625.13
"011","9pm",4015.53,3680.11,6432.35,3926.08
"011","10pm",4071.93,3621.33,6097.93,3819.66
"011","11pm",3931.7,3654.59,6151.77,3819.66
"011","12pm",4134.49,3473.96,6305.75,3896.65
"011","1am",4089.57,3498.27,6244.81,3896.65
"011","2am",4243.54,3498.27,6244.81,3896.65
"011","3am",4251.08,3498.27,6200.11,3896.65
"012","4am",2413.02,983.02,1491.59,865.33
"012","5am",2413.02,983.02,1491.59,865.33
"012","6am",2413.02,1058.77,1463.39,865.33
"012","7am",2471.67,1002.37,1524.62,865.33
"012","8am",1727.61,1110.13,1271.24,865.33
"012","9am",1486.42,1282.65,1440.7,865.33
"012","10am",1186.92,1360.92,1401.58,751.2
"012","11am",969.11,1305.37,1394.84,671.09
"012","12am",890.75,1083.38,1432.06,773.73
"012","1pm",1223.37,1086.29,1386.57,822.46
"012","2pm",1282.75,1038.2,1543.25,874.37
"012","3pm",1152.9,1031.17,1577.79,858.91
"012","4pm",949.41,973.6,1393.14,719.26
"012","5pm",1030.08,920.66,1274.96,714.73
"012","6pm",1772.27,1174.4,1409.95,709.62
"012","7pm",1835.53,794.61,1838.3,813.43
"012","8pm",2658.84,891.68,2031.34,942.32
"012","9pm",2467.45,1015.89,1968.32,865.33
"012","10pm",2455.74,935.51,1823.96,865.33
"012","11pm",2390.3,902.91,1797.75,865.33
"012","12pm",2430.57,902.91,1640.95,865.33
"012","1am",2618.39,931.11,1588.23,865.33
"012","2am",2598.15,931.11,1588.23,865.33
"012","3am",2591.66,931.11,1463.39,865.33
"013","4am",4267.16,3421.15,5918.54,3721.83
"013","5am",4267.16,3421.15,5918.54,3721.83
"013","6am",4267.16,3421.15,5970.02,3721.83
"013","7am",4333.14,3192.82,6467.77,3721.83
"013","8am",4008.77,2921.39,6330.7,3721.83
"013","9am",4505.59,2584.52,6542.91,3721.83
"013","10am",4506.71,2497.43,7569.11,4097.19
"013","11am",4283.18,2390.73,8358.61,4072.6
"013","12am",4097.1,2577.53,8156.62,3814.69
"013","1pm",3919.76,2047.98,8695.09,3845.42
"013","2pm",4092.91,1983.93,8870.18,3524.8
"013","3pm",4393.47,2184.38,8482.85,3193.01
"013","4pm",4035.82,1965.85,7760.66,3293.33
"013","5pm",4225.88,2059.3,6913.6,3217.92
"013","6pm",4172.86,2186.29,6598.88,3289.62
"013","7pm",4603.11,2906.06,6693.93,3730.89
"013","8pm",4350.7,3543.61,7309.16,3721.83
"013","9pm",3946.61,3398.26,6749.52,3721.83
"013","10pm",4257.23,3798.99,6622.23,3721.83
"013","11pm",3938.82,3600.58,6318.07,3721.83
"013","12pm",4052.99,3898.11,6312.79,3721.83
"013","1am",4167.16,3727.54,6312.79,3721.83
"013","2am",4281.33,3636,6426.96,3721.83
"013","3am",4281.33,3544.87,6426.96,3721.83
"014","4am",822.56,807,2129.2,1791.91
"014","5am",822.56,807,2083.51,1791.91
"014","6am",822.56,897.25,2083.51,1791.91
"014","7am",788.04,822.86,2001.47,1791.91
"014","8am",833.73,784.68,2073.02,1791.91
"014","9am",823.65,696.57,2122.53,1777.47
"014","10am",840,986.61,1946.12,1350.02
"014","11am",836.01,741.99,1549.6,1356.92
"014","12am",836.01,840.75,1973.85,1430.24
"014","1pm",760.77,920.44,1624.28,1521.63
"014","2pm",684.82,968.87,1797.68,1446.31
"014","3pm",650.3,705.93,2417.34,1487.74
"014","4pm",612.64,714.9,2507.24,1375.78
"014","5pm",727.76,836.55,2638.49,1447.95
"014","6pm",570.53,829.69,2367.77,1539.79
"014","7pm",429.84,769.57,2189.78,1690.75
"014","8pm",475.53,734.7,2274.75,1803.53
"014","9pm",475.53,769.34,2281.85,1834.1
"014","10pm",557.57,811.6,2119.02,1834.1
"014","11pm",548.6,849.26,2067.87,1834.1
"014","12pm",586.26,849.26,2113.57,1834.1
"014","1am",586.26,849.26,2113.57,1791.91
"014","2am",668.68,849.26,2151.23,1791.91
"014","3am",668.68,807,2151.23,1791.91
"015","4am",2312.65,2541.05,5717.38,3365.45
"015","5am",2312.65,2583.25,5717.38,3365.45
"015","6am",2312.65,2306.09,5838.46,3365.45
"015","7am",2161.8,2274.97,5753.54,3365.45
"015","8am",1325.52,2025.22,5339.37,3275.2
"015","9am",1447.5,1899.17,4777.31,3123.7
"015","10am",1054.14,1818.34,4303.57,2936.79
"015","11am",949.25,1593.83,4030.96,2355.65
"015","12am",1030.43,1585.35,4540.34,2683.15
"015","1pm",1571.67,2051.9,4712.53,2733.66
"015","2pm",1051.57,1962.24,4803.33,2366.24
"015","3pm",1086.4,2234.16,4693.92,2305.44
"015","4pm",1189.28,2964.69,4379.51,2398.89
"015","5pm",1253.29,2663.61,4407.93,2332.18
"015","6pm",1345.1,2423.51,4904.77,2961.82
"015","7pm",1641.31,2322.71,5199.19,3484.99
"015","8pm",1864.48,2128.93,5737.96,3540.78
"015","9pm",1954.74,2383.43,5708.18,3496.01
"015","10pm",2188.75,2289.98,5432.7,3496.01
"015","11pm",2188.75,2428.14,5494.31,3413.54
"015","12pm",2076.51,2447.6,5490.92,3365.45
"015","1am",2169.96,2447.6,5572.11,3365.45
"015","2am",2260.22,2326.53,5451.03,3365.45
"015","3am",2260.22,2326.53,5414.55,3365.45
"016","4am",5274.37,4106.1,5151.16,1606.61
"016","5am",5501.95,4106.1,5151.16,1606.61
"016","6am",5501.95,4106.1,5297.81,1606.61
"016","7am",5344.86,3758.2,5360.35,1749.08
"016","8am",6186.39,3535.8,5561.81,1749.08
"016","9am",5773.43,2361.4,3746.11,2080.1
"016","10am",5724.65,1614.82,3879.01,2103.93
"016","11am",5221.82,1913.65,3909.63,1926.61
"016","12am",5342.28,2125.98,3712.43,1727.58
"016","1pm",5200.2,1789.49,4149.77,1644.73
"016","2pm",5758.22,2047.8,4496.64,1720.5
"016","3pm",5148.11,2129.05,4826.02,1756.95
"016","4pm",5030.15,1432.21,4249.02,1616.18
"016","5pm",4843.89,1856.55,4404.53,1582.4
"016","6pm",4587.05,2214.29,4492.53,1790.36
"016","7pm",5028.77,2852.94,4831.34,1533.77
"016","8pm",5226.67,3323.11,5989.1,1524.05
"016","9pm",5371.29,3284.06,6395.31,1687.15
"016","10pm",5307.3,3632.27,6627.31,1687.15
"016","11pm",5452.46,3840.27,6503.64,1687.15
"016","12pm",5389.53,3997.2,5490.41,1625.12
"016","1am",5354.56,4281.02,5429.51,1625.12
"016","2am",5292.66,4243.05,5429.51,1625.12
"016","3am",5256.39,4243.05,5698.79,1625.12
"017","4am",1499.34,1753.6,2365.8,556.77
"017","5am",1499.34,1753.6,2341.88,556.77
"017","6am",1499.34,1753.6,2238.91,556.77
"017","7am",1710.96,1690.01,2504.27,556.77
"017","8am",1177.31,1433.71,3128.82,556.77
"017","9am",1879.77,2031,4110.14,752.16
"017","10am",2068.95,2203.97,4122.74,741.87
"017","11am",2162.34,2570.76,4808.97,770.75
"017","12am",1967.6,2495.45,4663.03,521.33
"017","1pm",1609.28,2367.11,5055.57,525.1
"017","2pm",1463.42,2574.85,4360.4,688.17
"017","3pm",1530.94,2391.62,3891.61,1049.07
"017","4pm",1364.54,2090.79,3797.99,1236.93
"017","5pm",1498.45,2131.86,3613.35,789.66
"017","6pm",1225.33,1809.68,2947.47,681.1
"017","7pm",1213.14,2051.57,2838.76,779.4
"017","8pm",1126.09,1704.29,2458.35,602.05
"017","9pm",1251.14,1662.59,2121.81,701.92
"017","10pm",1402.51,1604.39,2203.71,614.72
"017","11pm",1486.34,1736.07,2251.56,614.72
"017","12pm",1544.68,1712.14,2251.56,614.72
"017","1am",1534.19,1736.07,2251.56,614.72
"017","2am",1558.12,1857.14,2372.64,614.72
"017","3am",1582.04,1857.14,2372.64,614.72
"018","4am",904.43,1516.54,2925.96,940.76
"018","5am",904.43,1516.54,3120.2,940.76
"018","6am",904.43,1558.8,3175.53,940.76
"018","7am",969.66,1966.5,3444.68,940.76
"018","8am",621.93,1679.43,3985.97,1007.81
"018","9am",565.8,1583.6,4353.81,1095.17
"018","10am",676.42,1504.08,4374.57,1200.82
"018","11am",680.29,1294.66,4612.85,1271.94
"018","12am",713.61,1466.51,4948.79,1066.42
"018","1pm",860.98,1311.74,4183.24,1031.05
"018","2pm",928.82,1072.59,3988.56,1034.19
"018","3pm",858.79,1130.82,4386.05,1105.08
"018","4pm",843.09,1066.48,3831.55,991.74
"018","5pm",780.36,1178.77,3816.98,998.55
"018","6pm",775.38,1519.11,3380.22,998.55
"018","7pm",981.7,1750,3344.47,997.31
"018","8pm",1012.5,1519.74,3654.8,905.38
"018","9pm",842.16,1475.53,3472.56,870.01
"018","10pm",842.16,1518.82,3526.8,870.01
"018","11pm",956.33,1353.15,3324.54,905.38
"018","12pm",943.52,1364.29,3283.88,940.76
"018","1am",943.52,1399.66,2904.52,940.76
"018","2am",1120.54,1515.53,2887.58,940.76
"018","3am",1045.58,1515.53,2887.58,940.76
"019","4am",1215.84,3652.6,5185.19,1313.19
"019","5am",1215.84,3652.6,5185.19,1313.19
"019","6am",1215.84,3570.16,5307.34,1313.19
"019","7am",1133.4,3354.64,4885.11,1313.19
"019","8am",1032.25,3253.71,4369.26,1158.91
"019","9am",1524.53,2746.24,3959.35,1230.75
"019","10am",1394.74,2685.25,3913.93,1076.47
"019","11am",1219.2,2467.91,4079.91,1087.07
"019","12am",1219.2,2055.1,4383.1,1486.43
"019","1pm",1370.2,2599.18,4098.7,1640.71
"019","2pm",1201.53,2439.3,4042.22,1419.47
"019","3pm",1201.53,2064.16,3901.97,1503.77
"019","4pm",1251.87,2077.77,3924.06,1548.53
"019","5pm",751.78,1843.13,3990.13,1648.92
"019","6pm",791.71,2110.96,3973.57,1648.92
"019","7pm",791.71,2820.7,4694.24,1414.67
"019","8pm",1033.99,3295,5364.38,1356.72
"019","9pm",1223.73,3498.24,5206.81,1356.72
"019","10pm",1177.84,3721.08,5388.97,1356.72
"019","11pm",1098.82,3661.61,5397.88,1356.72
"019","12pm",1256.7,3795.01,5359.4,1356.72
"019","1am",1263.1,3719.64,5431.24,1356.72
"019","2am",1263.1,3682.92,5431.24,1356.72
"019","3am",1263.1,3682.92,5314.99,1356.72
"020","4am",1970.49,5573.12,8496.29,2608.61
"020","5am",1970.49,5573.12,8496.29,2608.61
"020","6am",1970.49,5573.12,8319.31,2608.61
"020","7am",1641.02,5466.32,7754.73,2492.74
"020","8am",3067.07,3804.77,7046.36,2492.74
"020","9am",3151.58,3166.08,5961.5,2385.93
"020","10am",3219.07,2799.84,6023.06,2139.87
"020","11am",3041.47,2836.22,6303.98,1880.85
"020","12am",2948.17,2971.54,5801.72,2139.87
"020","1pm",3060.5,2749.88,5403.55,2460.28
"020","2pm",3184.76,2345.04,4979.08,2460.28
"020","3pm",3261.92,2820.19,5390.19,2537.12
"020","4pm",2716.91,2797.01,5590.35,2554.61
"020","5pm",2910.42,3172.2,6196.58,2916.54
"020","6pm",2142.31,3847.29,7166.63,2766.7
"020","7pm",1736.51,3958.12,6654.64,2877
"020","8pm",1524.98,4898.86,7838.95,2929.95
"020","9pm",1810.24,4845.74,7894.04,2823.15
"020","10pm",1760.93,4637.95,8247.67,2823.15
"020","11pm",1974,4628.88,8247.67,2761.55
"020","12pm",2039.14,4860.62,8247.67,2868.35
"020","1am",2039.14,4976.49,8273.62,2868.35
"020","2am",2039.14,5050.16,8380.42,2868.35
"020","3am",2145.94,5255.46,8496.29,2868.35
"021","4am",1125.67,1418.83,5121.88,3633.28
"021","5am",1125.67,1418.83,5087.49,3633.28
"021","6am",1125.67,1498.99,4901.05,3633.28
"021","7am",1059.69,1567.25,4643.09,3633.28
"021","8am",1574.87,1392.98,5185.87,3709.32
"021","9am",2328.57,1626.3,4792.09,3525.59
"021","10am",2539.99,2281.35,4884.63,3609.34
"021","11am",2679.56,2618.07,5178.6,3679.38
"021","12am",2678.45,2809.34,5091.86,3390.59
"021","1pm",2518.69,2425.99,5050.34,3489.78
"021","2pm",2376.78,2286.36,5044.61,3218.82
"021","3pm",2123.23,2618.29,5541.88,3812.89
"021","4pm",2689.8,3179.65,5448.98,3550.66
"021","5pm",2076.77,2622.2,5781.9,3872.97
"021","6pm",2066.64,2773.99,5832.36,3626.86
"021","7pm",1698.23,3000.67,6234.99,3485.46
"021","8pm",1442,2172.18,5368.37,3677.22
"021","9pm",1571.01,1765.57,4777.09,3784.02
"021","10pm",1350.08,1639.31,5051.68,3740.08
"021","11pm",1349.71,1474.65,5197.63,3740.08
"021","12pm",1291.37,1528.67,5412.35,3633.28
"021","1am",1291.37,1586.99,5412.35,3633.28
"021","2am",1115.78,1586.99,5305.55,3633.28
"021","3am",1115.78,1586.99,5305.55,3633.28
"022","4am",1911.89,2799.48,5732.78,2587.66
"022","5am",1911.89,2892.63,5732.78,2587.66
"022","6am",1848.22,2892.63,5732.78,2587.66
"022","7am",1777.72,2824.38,5380.24,2587.66
"022","8am",1386.47,1932.87,5164.77,2587.66
"022","9am",1192.39,1472.13,3856.08,2587.66
"022","10am",1058.22,1269.71,3911.03,2426.23
"022","11am",989.96,1033.19,3684.31,2472.57
"022","12am",989.96,1065.04,3890.92,2430.58
"022","1pm",1135.96,1395.77,4834.75,2378.41
"022","2pm",1258.88,1125.28,4378.37,2517.17
"022","3pm",912.64,1195.77,3518.91,2055.54
"022","4pm",776.12,1548.61,4071.32,2105.59
"022","5pm",705.63,1623.97,3768.89,2173.85
"022","6pm",941.38,1616.07,3602.09,2496.72
"022","7pm",1139.22,2115.26,4328.15,2519.4
"022","8pm",1622.97,2482.24,5424.36,2612.42
"022","9pm",1745.89,2652.14,5459.6,2680.68
"022","10pm",1824.12,2612.29,5523.27,2751.18
"022","11pm",1824.12,2773.72,5806.83,2658.16
"022","12pm",1785.34,2773.72,5649.08,2658.16
"022","1am",1843.63,2799.48,5649.08,2658.16
"022","2am",1843.63,2799.48,5649.08,2658.16
"022","3am",1843.63,2799.48,5649.08,2658.16
"023","4am",3499.13,3659.46,6983.35,2521.93
"023","5am",3424.88,3659.46,6909.1,2521.93
"023","6am",3424.88,3529.14,6909.1,2521.93
"023","7am",3366.54,3635.83,6634.08,2521.93
"023","8am",2778.56,4197.17,9837.18,2547.78
"023","9am",3013.75,4588.9,13616.12,2658.32
"023","10am",3044.68,6082.79,15312.75,2615.9
"023","11am",2846.19,6152.32,15179.72,3012.54
"023","12am",3038.53,5886.42,14683.9,2878.25
"023","1pm",3516.12,5522.66,13163.52,2585.36
"023","2pm",3141.9,5618.35,14402.55,2437.55
"023","3pm",3198.23,5646.71,14715.05,3002.28
"023","4pm",3530.4,5530.8,14950.99,3006.6
"023","5pm",3380.02,5484.09,14373.79,2958.46
"023","6pm",3258.46,4920.58,10799.66,2639.52
"023","7pm",3162.74,3474.48,7869.4,2534.81
"023","8pm",3317.05,3402.53,7307.11,2673.27
"023","9pm",2794.72,3396.87,7437.22,2482.22
"023","10pm",3122.97,3361.73,7176.09,2565.99
"023","11pm",3260.32,3497.95,7145.12,2565.99
"023","12pm",3405.32,3542.25,7094.84,2521.93
"023","1am",3705.49,3773.84,6868.38,2521.93
"023","2am",3423.37,3773.84,6868.38,2521.93
"023","3am",3423.37,3773.84,6868.38,2521.93
"024","4am",11838.5,3163.49,4339.91,799.43
"024","5am",11838.5,3163.49,4260.89,799.43
"024","6am",11838.5,3163.49,4447.46,799.43
"024","7am",11913.15,3297.74,4885.2,799.43
"024","8am",16225.87,2900.49,4783.76,779.58
"024","9am",18510.64,2955.82,5781.25,870.2
"024","10am",19398.06,3266.11,6322.06,1027.9
"024","11am",19784.4,3442.27,6568.78,839.31
"024","12am",19536.54,3425.91,6605.57,893.44
"024","1pm",17006.63,3485.05,5982.58,975.87
"024","2pm",18437.04,3362.21,6946.42,734.19
"024","3pm",18929.03,3334.67,6647.09,1379.21
"024","4pm",18476.89,3203.21,6205.37,1227.52
"024","5pm",17404.4,2950.49,5572.16,1179.78
"024","6pm",14014.82,3079.24,4564.66,1133.05
"024","7pm",12138.03,3495.29,4572.57,992.79
"024","8pm",10746.08,2932.2,4352.97,905.59
"024","9pm",10273.17,3280.44,4370.46,905.59
"024","10pm",10806.83,3382.32,4544.58,905.59
"024","11pm",10961.97,2986.01,4279.71,905.59
"024","12pm",11584.05,2986.01,4332.8,905.59
"024","1am",11743.45,3084.47,4332.8,905.59
"024","2am",11860.56,3163.49,4385.88,905.59
"024","3am",12151.92,3237.92,4385.88,905.59
"025","4am",841.36,1584.39,2240.33,1033.52
"025","5am",841.36,1542.2,2404.35,1033.52
"025","6am",841.36,1556.2,2439.48,1033.52
"025","7am",841.36,1684.98,3062.09,1033.52
"025","8am",913.79,1709.8,5612.05,1079.7
"025","9am",840.35,2828.11,8689.94,1137.17
"025","10am",1043.97,3058.8,9381.41,1084.54
"025","11am",932.91,3055.79,9889.88,1068.57
"025","12am",901.24,2895.63,9370.01,1044.82
"025","1pm",819.03,2323.4,8865.63,1141.4
"025","2pm",725.94,2666.07,8264.84,1325.34
"025","3pm",670.43,2635.68,8286.06,1319.79
"025","4pm",691.48,2816.18,8641.3,1342.86
"025","5pm",594.4,2666.02,7037.24,1085.66
"025","6pm",666.81,1915.47,5357.78,1354.34
"025","7pm",697.41,1853.66,3496.06,1188.43
"025","8pm",844.47,1888.44,2279.33,1141.7
"025","9pm",951.88,1733.33,2133.1,1033.52
"025","10pm",951.88,1547.69,2099.68,1033.52
"025","11pm",859.46,1501.79,1961.81,1033.52
"025","12pm",902.22,1501.79,1961.81,1033.52
"025","1am",1056.34,1532.22,2151.44,1075.71
"025","2am",902.22,1647.05,2161.11,1075.71
"025","3am",902.22,1647.05,2161.11,1075.71
"026","4am",794.92,1082.39,3705.09,1070.1
"026","5am",794.92,1082.39,3705.09,1070.1
"026","6am",794.92,1037.95,3749.52,1070.1
"026","7am",685.63,1073.23,3814,1070.1
"026","8am",612.79,1258.86,2980.44,1070.1
"026","9am",345.61,1098.1,2816.96,1070.1
"026","10am",345.61,1111.41,2459.09,1035.93
"026","11am",345.61,1131.09,2480.23,790.78
"026","12am",513.76,1128.19,2576.18,908.9
"026","1pm",271.31,1489.86,2686.06,908.9
"026","2pm",255.7,1107.03,2578.1,806.39
"026","3pm",327.53,1089.05,2578.52,738.05
"026","4pm",442.96,1133.49,2731.43,844.56
"026","5pm",310.22,1228.4,2974.91,1001.76
"026","6pm",417.11,1118.26,3220.95,967.59
"026","7pm",586.96,1084.97,3444.31,914.87
"026","8pm",824.63,785.16,3650.96,967.59
"026","9pm",830.27,909.43,3624.51,1001.76
"026","10pm",830.27,1056.81,3681.79,1070.1
"026","11pm",830.27,1135.42,3710.44,1070.1
"026","12pm",895.13,1135.42,3807.6,1070.1
"026","1am",794.92,1082.39,3860.32,1070.1
"026","2am",794.92,1082.39,3860.32,1070.1
"026","3am",794.92,1082.39,3860.32,1070.1
"027","4am",2156.75,1888.44,5449.48,1256.58
"027","5am",2156.75,1888.44,5449.48,1256.58
"027","6am",2156.75,1888.44,5225.17,1256.58
"027","7am",2156.75,1854.3,4897.1,1256.58
"027","8am",1301.89,1778.64,5749.81,1339.02
"027","9am",1043.97,2092.23,7388.84,1411.7
"027","10am",1076.96,2154.38,7353.34,1583.81
"027","11am",1169.06,2217.93,7347.77,1543.56
"027","12am",1107.53,1803.61,7339.85,1329.26
"027","1pm",1304.62,1831.68,7481.08,1256.58
"027","2pm",1153.97,1952.83,7714.85,1206.22
"027","3pm",1063.25,1794.21,7814.11,1529.11
"027","4pm",1008.91,1878.74,7545.71,1035.12
"027","5pm",1281.58,1906.33,6872.15,1003.17
"027","6pm",1686.44,1800.42,6198.19,1146.99
"027","7pm",2038.46,1903.26,5590.78,1256.58
"027","8pm",2152.95,1724.02,5908.41,1256.58
"027","9pm",2448.74,2024.81,6062.29,1256.58
"027","10pm",2428.41,2123.55,5987.57,1256.58
"027","11pm",2343.3,2044.08,5870.19,1256.58
"027","12pm",2258.04,1955.61,5870.19,1256.58
"027","1am",2156.75,1955.61,5710.99,1256.58
"027","2am",2156.75,1828.66,5582.32,1256.58
"027","3am",2156.75,1828.66,5582.32,1256.58
"028","4am",871.36,2655.69,4744.3,1611.08
"028","5am",871.36,2877.17,4853.11,1611.08
"028","6am",871.36,2876.09,4860.02,1611.08
"028","7am",963.27,2652.77,4752.28,1611.08
"028","8am",2560.5,3597.89,6749.67,1611.08
"028","9am",5703.24,6087.86,11057.22,1557.58
"028","10am",6866.7,6783.54,12634.75,1701.15
"028","11am",8190.14,6878.02,13102.87,1617.27
"028","12am",8139.98,6985.35,12262.04,1745.14
"028","1pm",6799.63,6843.03,11369.68,1808.14
"028","2pm",7337.8,6941.78,12031.86,1568.28
"028","3pm",7098.74,6684.75,12458,1418.6
"028","4pm",6260.63,6789.86,12020.34,1547.4
"028","5pm",4670.14,6288.05,10919.08,1531.52
"028","6pm",3058.82,4651.65,8131.3,1313.58
"028","7pm",1152.54,3251.63,5420.33,1313.58
"028","8pm",862.74,2830.27,4941.85,1536.7
"028","9pm",748.48,2763.94,4966.79,1689.74
"028","10pm",811.55,2803.21,4851.56,1689.74
"028","11pm",799.34,2839.81,4949.07,1689.74
"028","12pm",774.38,2808.85,4812.01,1689.74
"028","1am",774.38,2808.85,4812.01,1689.74
"028","2am",871.36,2883.23,4812.01,1689.74
"028","3am",871.36,2725.48,4812.01,1689.74
"029","4am",2000.66,2651.67,3810.5,1334.96
"029","5am",2000.66,2651.67,3974.91,1334.96
"029","6am",1914.01,2660.6,4211.44,1334.96
"029","7am",1914.01,3276.82,5058.14,1334.96
"029","8am",2615.2,4883.03,8398.37,1305.95
"029","9am",3530.96,7118.37,11689.18,1269.23
"029","10am",3621.91,8611.49,12349.22,1406.64
"029","11am",3542.93,8687.48,12567.99,1636.87
"029","12am",3600.5,7614.07,12424.55,1425.55
"029","1pm",3368.95,6598.69,10854.37,1298.24
"029","2pm",3297.98,7349.97,11756.02,1272.17
"029","3pm",3182.51,7765.58,11902.69,1421.18
"029","4pm",3187.04,7905.67,11370.1,1536.37
"029","5pm",2621.28,6726.74,9711.6,1189.75
"029","6pm",2083.58,4587.4,7488.04,1198.3
"029","7pm",1719.58,3090.22,4882.58,1373.45
"029","8pm",1927.92,3033.59,3501.8,1334.96
"029","9pm",1925.39,2745.28,3896.1,1408.26
"029","10pm",2050.51,2723.63,3840.49,1408.26
"029","11pm",2092.77,2560.19,3802.5,1334.96
"029","12pm",2120.51,2716.47,3765.56,1334.96
"029","1am",1987.55,2600.6,3765.56,1334.96
"029","2am",1913.17,2609.41,3765.56,1334.96
"029","3am",1913.17,2651.67,3765.56,1334.96
"030","4am",2635.77,4148.68,8181.95,2617.9
"030","5am",2635.77,4148.68,8280.81,2617.9
"030","6am",2635.77,4325.66,8250.44,2475.43
"030","7am",2804.6,4462.2,9554.63,2475.43
"030","8am",4009.34,5684.96,11091.8,2475.43
"030","9am",4263.4,7478.91,17251.35,2440.23
"030","10am",5009.24,8882.58,19382.86,2835.36
"030","11am",4900.49,8820.17,19778.48,2751.91
"030","12am",4852.12,9102.42,20160.74,2791.45
"030","1pm",5502.22,9186.93,19742.18,2894.66
"030","2pm",5418.73,9317.23,20207.53,2710.42
"030","3pm",4929.87,9545.62,18968.33,3063.28
"030","4pm",5471.65,8852.84,19537.3,3236.57
"030","5pm",4688.9,8874.47,18208.66,2688.52
"030","6pm",2945.82,7440.52,14258.06,2921.14
"030","7pm",2877.33,6147.27,10760.19,2735.45
"030","8pm",3610.67,5365.11,9012.51,2735.45
"030","9pm",3597.03,4244.66,8754.54,2780.96
"030","10pm",3067.16,4121.97,8618.36,2697.19
"030","11pm",2738,4008.71,8336.06,2697.19
"030","12pm",2770.36,4303.65,8302.65,2617.9
"030","1am",2772.83,4293.8,8258.58,2617.9
"030","2am",2772.83,4293.8,8258.58,2617.9
"030","3am",2772.83,4293.8,8142.71,2617.9
"031","4am",1160.84,696.11,4811.51,3698.69
"031","5am",1160.84,696.11,4811.51,3698.69
"031","6am",1160.84,696.11,4844.46,3698.69
"031","7am",1269.58,640.03,4477.05,3698.69
"031","8am",1027.14,369.79,3585.64,3698.69
"031","9am",903.35,320.9,3251.34,3575.31
"031","10am",719.18,370.98,3562.45,2931.03
"031","11am",719.18,428.94,3662.83,3270.02
"031","12am",649.73,480.56,3594.54,3481.99
"031","1pm",651.33,643.44,3150.82,3557.5
"031","2pm",621.28,629.36,3085.8,3497.5
"031","3pm",650.81,512.55,3338.13,2839.9
"031","4pm",650.81,495.96,3259.92,2904.67
"031","5pm",759.55,482.37,3268.52,2969.02
"031","6pm",1094.7,440.5,3800.37,3594.28
"031","7pm",1155.28,379.75,4076.33,3597.86
"031","8pm",1034.7,676.22,3948.16,3476.73
"031","9pm",1175.57,442.97,3923.98,3659.46
"031","10pm",1039.5,442.97,3786.05,3659.46
"031","11pm",1114.93,442.97,4080.05,3659.46
"031","12pm",1114.93,516.96,4328.64,3550.71
"031","1am",1114.93,584.16,4546.7,3698.69
"031","2am",1114.93,658.14,4694.67,3698.69
"031","3am",1152.9,696.11,4694.67,3698.69
"032","4am",1490.3,1982.87,5131.89,3238.07
"032","5am",1490.3,1982.87,5226.92,3238.07
"032","6am",1553.97,1902.72,5279.76,3238.07
"032","7am",1483.24,1837.87,5700.22,3238.07
"032","8am",1305.42,1420.79,5849.78,3162.02
"032","9am",1452.41,2035.63,6719.51,3171.79
"032","10am",1458.79,2303.37,6455.61,3143.6
"032","11am",1527.55,2249.44,6671.04,3144.13
"032","12am",1582.58,2318.23,6437.65,3480.29
"032","1pm",1840.5,2242.06,6283.67,3378.64
"032","2pm",1898.84,2270.35,6530.7,3555.46
"032","3pm",1748.2,2400.26,7221.82,2686.3
"032","4pm",1704.81,2481.09,7503.37,2863.24
"032","5pm",1674.96,1798.02,6431.64,2957.42
"032","6pm",1862.09,1675.71,5547.23,3205.99
"032","7pm",2166.93,1932.3,5027.99,3424.19
"032","8pm",2003.88,1907.62,5063.9,3272.1
"032","9pm",1903.49,2129,4899.26,3348.15
"032","10pm",1650.66,2024.74,5002.9,3348.15
"032","11pm",1650.66,1821.26,4762.57,3500.24
"032","12pm",1650.66,1821.26,4818.18,3500.24
"032","1am",1726.71,1821.26,4818.18,3500.24
"032","2am",1726.71,2058.92,4818.18,3500.24
"032","3am",1726.71,2058.92,4818.18,3500.24
"033","4am",839.98,991.01,4843.21,2524.02
"033","5am",839.98,991.01,4796.38,2524.02
"033","6am",839.98,991.01,4858.48,2524.02
"033","7am",739.85,857.02,4608.87,2524.02
"033","8am",1551.06,856.07,3542.9,2382.52
"033","9am",1757.86,732.98,4071.46,2334.43
"033","10am",1805.46,716.36,4152.88,2860.67
"033","11am",1767.59,790.72,4198.56,2508.29
"033","12am",1703.11,708.9,4446.84,2411.84
"033","1pm",1597.41,665.79,5000.68,2415.39
"033","2pm",1530.34,757.33,4398.43,2640.6
"033","3pm",1594.07,1135.7,4146.37,2997.35
"033","4pm",1579.4,980.06,4512.41,3394.86
"033","5pm",1478.63,1096.65,4409.55,3065.91
"033","6pm",1201.07,1107.6,4169.24,2559.14
"033","7pm",1263.13,1032.07,5522.61,2599.5
"033","8pm",721.36,1048.43,4767.74,2551.9
"033","9pm",848.11,1002.53,4942.24,2551.9
"033","10pm",822.76,991.01,4808.37,2551.9
"033","11pm",792.73,991.01,4756.45,2475.93
"033","12pm",792.73,991.01,4768.33,2524.02
"033","1am",792.73,991.01,4863.24,2524.02
"033","2am",792.73,991.01,4863.24,2524.02
"033","3am",792.73,991.01,4791.4,2524.02
"034","4am",1989.64,1559.88,5295.89,1875.43
"034","5am",1989.64,1559.88,5295.89,1875.43
"034","6am",1989.64,1499.08,5234.95,1875.43
"034","7am",1878.43,1635.6,5249.6,1875.43
"034","8am",1224.88,1421.85,4704.94,1891.62
"034","9am",1188.25,1667.33,4938.92,1891.62
"034","10am",1117.13,1406.1,4833.87,1790.28
"034","11am",1056.33,1297.44,4912.18,2002.57
"034","12am",1098.38,1538.04,4971.29,1803.19
"034","1pm",1235.1,1527,5265.44,1692.89
"034","2pm",1051.83,1427.31,5113.77,1777.66
"034","3pm",974.11,1257.8,4775.29,1541.92
"034","4pm",1067.43,1341.19,5035.87,1559.66
"034","5pm",1189.89,1280.26,4954.17,1371.05
"034","6pm",1739.05,1331.85,4792.28,1679.54
"034","7pm",1736.38,1643.47,5180.28,1753.69
"034","8pm",2201.13,1355.64,5174.57,1875.43
"034","9pm",2100.44,1365.19,5227.37,1936.37
"034","10pm",2128.6,1380.84,5275.53,1936.37
"034","11pm",2145.73,1532.88,5315.37,1936.37
"034","12pm",2059.8,1451.22,5295.61,1936.37
"034","1am",1938.96,1451.22,5356.55,1936.37
"034","2am",1999.9,1512.02,5356.55,1936.37
"034","3am",1999.9,1437.59,5356.55,1936.37
"035","4am",843.54,1903.93,6349.1,3066.8
"035","5am",843.54,1903.93,6159.04,3066.8
"035","6am",843.54,1903.93,6448.81,3066.8
"035","7am",843.54,1564.9,6747.83,3066.8
"035","8am",2287.6,1225.98,5191.13,3066.8
"035","9am",2417.98,1015.96,4947.66,2994.13
"035","10am",2673.78,1018.58,4875.4,2805.65
"035","11am",2692.23,875.89,4673.81,2971.86
"035","12am",2521.95,819.7,4682.74,2994.13
"035","1pm",2352.57,817.53,4714,3096.34
"035","2pm",1539.38,621.7,4277.19,2980.53
"035","3pm",1694.18,562.44,4254.02,2531.06
"035","4pm",1466.7,772.91,4159.52,2692.63
"035","5pm",1857.42,1047.19,4384.52,3169.81
"035","6pm",1870.95,1506.83,5078.6,2941.47
"035","7pm",1075.77,1766.37,6160.74,3100.97
"035","8pm",907.62,1636.71,5983.56,3013.76
"035","9pm",907.62,1580.02,6252.24,2979.59
"035","10pm",996.91,1669.3,6581.9,3139.47
"035","11pm",907.62,1814.65,6671.18,3139.47
"035","12pm",957.76,1814.65,6640.52,3139.47
"035","1am",957.76,1903.93,6640.52,3139.47
"035","2am",1047.05,1903.93,6640.52,3139.47
"035","3am",1047.05,1903.93,6640.52,3139.47
"036","4am",2843.36,1721.8,12071.13,3963.43
"036","5am",2843.36,1721.8,12071.13,3963.43
"036","6am",2843.36,1721.8,11958.34,3963.43
"036","7am",2573.84,1777.26,11091.57,3963.43
"036","8am",1179.98,1379.25,7828.73,4031.73
"036","9am",1113.98,948.41,5717.98,4116.7
"036","10am",1274.29,654.62,5466.15,3936.56
"036","11am",1297,566.61,5015.97,3739.7
"036","12am",1297,724.35,5085.88,3571.47
"036","1pm",1137.23,862.72,6940.38,3950.95
"036","2pm",1592.14,494.67,5452.44,3701.01
"036","3pm",1479.35,568.3,5533.21,3249.96
"036","4pm",1722.62,543.12,6049.59,3637.31
"036","5pm",2134.5,654.59,6658.47,3580.06
"036","6pm",2175.55,1319.88,8081.48,3599.18
"036","7pm",3374.68,1502.14,9841.37,4105.08
"036","8pm",2741.52,1961.63,10653.57,4140.37
"036","9pm",3038.78,1755.97,11351.95,4140.37
"036","10pm",2885.45,1755.97,11549.16,4216.13
"036","11pm",2885.45,1751.83,11736.97,4217.32
"036","12pm",2756.55,1751.83,11751.3,4048.54
"036","1am",2607.28,1751.83,12138.62,4048.54
"036","2am",2607.28,1751.83,12138.62,4048.54
"036","3am",2607.28,1751.83,12138.62,4048.54
"037","4am",1839.19,2101.36,4884.61,2161.42
"037","5am",1839.19,2101.36,4884.61,2161.42
"037","6am",1925.83,2194.52,4822.58,2161.42
"037","7am",1801.77,2351.06,4770.66,2161.42
"037","8am",2482.36,2048.35,5522.81,1916.45
"037","9am",2774.67,1880.68,5245.67,1637.93
"037","10am",2774.67,2081.18,5541.96,1732.85
"037","11am",2903.48,2172.41,5292.35,1871.85
"037","12am",2904.79,2057.77,5839.08,1757.08
"037","1pm",2627.37,1996.24,5262.12,1868.64
"037","2pm",2355.4,1841.9,5837.55,1802.67
"037","3pm",2339.63,1857.77,6153.55,1942.87
"037","4pm",2645.78,1928.51,5755.24,1876.49
"037","5pm",2256.16,1478.86,5402.87,2061.19
"037","6pm",2042.68,1715.92,5191.92,2137.3
"037","7pm",1858.72,1769.1,4399.07,2037.36
"037","8pm",1745.06,1769.26,4232.36,2161.42
"037","9pm",1923.42,1992.01,4163.14,2099.39
"037","10pm",1979.16,2077.12,4123.18,2099.39
"037","11pm",2046.64,2186.47,4803.15,2099.39
"037","12pm",2046.64,2101.36,4958.1,2161.42
"037","1am",2046.64,2101.36,5026.4,2161.42
"037","2am",2046.64,2101.36,5026.4,2161.42
"037","3am",2046.64,2101.36,5026.4,2161.42
"038","4am",1131.53,4095.36,6381.77,3860.25
"038","5am",1131.53,4188.38,6462.02,3860.25
"038","6am",1131.53,4122.47,6711.43,3860.25
"038","7am",1130.38,4542.72,6584.17,3860.25
"038","8am",1325.36,4475.85,6888.95,3860.25
"038","9am",1790.25,4661.36,8738.69,4098.96
"038","10am",1721.95,4184.21,8605.3,4084.25
"038","11am",1666.04,3954.85,9180.73,4060.29
"038","12am",1792.99,3653.51,9347.26,3906.39
"038","1pm",1950.74,4296.74,9473.96,3998.8
"038","2pm",1658.4,3776.39,9345.64,3926.24
"038","3pm",2003.69,3865.31,9409.77,4342.85
"038","4pm",1789.37,4608.36,9005.14,3793.55
"038","5pm",1614.43,4149.71,7534.01,4100.69
"038","6pm",1422.39,3547.53,6422.39,3912.33
"038","7pm",1090.9,4333.98,6754.22,4193.44
"038","8pm",1351.86,3935.83,6806.7,3933.55
"038","9pm",1041.97,4134.67,6828.54,4043.54
"038","10pm",1041.97,4193.84,6868.92,4043.54
"038","11pm",1202.62,4351.58,6714.71,3895.62
"038","12pm",1202.62,4267.82,6646.41,3860.25
"038","1am",1216.41,3863.18,6587.89,3860.25
"038","2am",1216.41,3863.18,6446.1,3860.25
"038","3am",1216.41,4020.93,6446.1,3860.25
"039","4am",1179.78,695.41,4129.11,1581.81
"039","5am",1179.78,695.41,4129.11,1581.81
"039","6am",1179.78,695.41,4089.64,1581.81
"039","7am",1064.75,772.9,3992.66,1655.77
"039","8am",643.73,826.65,2910.62,1729.73
"039","9am",471.18,731.07,2418.53,1738.65
"039","10am",374.04,803.16,2442.97,1722.89
"039","11am",374.04,767.79,2591.04,1687.77
"039","12am",374.04,702.75,2561.91,1631.64
"039","1pm",374.04,666.03,2949.15,1466.45
"039","2pm",374.04,773.84,2393.91,1324
"039","3pm",237.58,734.37,2698.29,1193.92
"039","4pm",277.21,692.25,2624.15,1740.8
"039","5pm",449.76,620.45,3055.67,1757.53
"039","6pm",669.14,717.43,3426.29,1581.81
"039","7pm",892.05,604,4195.37,1581.81
"039","8pm",1007.08,565.33,4135.47,1581.81
"039","9pm",1115.73,590.9,3938.22,1581.81
"039","10pm",1115.73,655.94,3983.83,1581.81
"039","11pm",1115.73,655.94,4088.34,1581.81
"039","12pm",1173.41,655.94,4242.84,1581.81
"039","1am",1173.41,695.41,4093.62,1581.81
"039","2am",1173.41,695.41,4093.62,1581.81
"039","3am",1252.35,695.41,4093.62,1581.81
"040","4am",987.95,1718.71,5544.42,3015.72
"040","5am",987.95,1624.17,5449.88,3015.72
"040","6am",987.95,1579.41,5374.92,3015.72
"040","7am",1081.61,1394.52,5255.57,3015.72
"040","8am",849.61,1437.04,4187.21,3015.72
"040","9am",918.14,815.58,3391.19,2685.95
"040","10am",1037.02,721.04,3512.02,2543.09
"040","11am",1032.96,755.9,3104.1,2710.69
"040","12am",976.1,755.9,3170.86,2795.87
"040","1pm",1040.06,1044.76,4009.72,2795.87
"040","2pm",742.15,1044.76,3467.93,2685.95
"040","3pm",777.02,1045.22,3378.41,2380.76
"040","4pm",800.65,1142.63,3384.59,2429.41
"040","5pm",942.54,985.49,3899.69,2998.5
"040","6pm",1176.71,1111.49,4500.96,2839.93
"040","7pm",1106.47,1701.27,4252.14,2974.43
"040","8pm",993.45,1879.5,5144.79,2820.46
"040","9pm",1103.78,1863.69,5219.75,2820.46
"040","10pm",1030.59,1818.96,5408.83,2930.38
"040","11pm",955.62,1718.39,5483.8,3015.72
"040","12pm",1015.3,1718.39,5593.72,3015.72
"040","1am",1015.3,1660.05,5593.72,3015.72
"040","2am",1074.98,1624.17,5679.06,3015.72
"040","3am",996.04,1624.17,5679.06,3015.72
"041","4am",1483.04,2375.65,8220.87,3269.7
"041","5am",1483.04,2375.65,8110.78,3269.7
"041","6am",1576.19,2446.6,8110.78,3269.7
"041","7am",1400.42,2439.14,7681.74,3362.86
"041","8am",857.93,2820.69,6264.68,3362.86
"041","9am",857.93,2236.62,6592.86,3269.7
"041","10am",1100.42,2166.72,7118.91,3546.69
"041","11am",849.9,2270.9,7169.2,3526.99
"041","12am",927.4,2413.17,6261.56,3247.62
"041","1pm",1004.89,2542.02,6154.45,3269.7
"041","2pm",888.05,2176.99,5471.62,3341.54
"041","3pm",1011.82,2181.56,6432.26,3755.42
"041","4pm",1142.81,2182.5,6286.15,3209.71
"041","5pm",1107.16,2676.81,6607.14,3225.08
"041","6pm",1427.18,2421.01,7680.66,3084.21
"041","7pm",1796.9,2313.36,8694.72,3238.9
"041","8pm",1726.32,2345.24,8173.17,3417.68
"041","9pm",1536.24,2481.21,8225.16,3417.68
"041","10pm",1363.02,2431.65,8313.05,3417.68
"041","11pm",1450.9,2511.12,8154.17,3417.68
"041","12pm",1469.96,2541.05,8051.09,3417.68
"041","1am",1469.96,2455.12,7944.29,3269.7
"041","2am",1399.93,2455.12,8032.18,3269.7
"041","3am",1399.93,2455.12,8032.18,3269.7
"042","4am",900.24,1177.7,5456.49,1139.04
"042","5am",900.24,1356.26,5451.73,1139.04
"042","6am",900.24,1235.53,5482.56,1075.98
"042","7am",843.64,1108.49,4819.73,1139.04
"042","8am",418.27,1219.3,4593.61,1139.04
"042","9am",336.26,1452.24,3939.19,1248.97
"042","10am",236.69,1558.18,3555.24,1248.97
"042","11am",236.69,1645.37,3752.01,1093.09
"042","12am",180.09,1316.56,3239.13,941.97
"042","1pm",156.17,1142.63,3377.26,1012.91
"042","2pm",180.09,1489.46,3348.11,1012.91
"042","3pm",180.09,1435.89,3090.16,987.87
"042","4pm",358.65,1478.82,2972.44,1019.72
"042","5pm",229.88,1194.61,3429.67,878.91
"042","6pm",530.46,1107.25,3971.16,807.96
"042","7pm",730.61,957.19,4209.26,941.97
"042","8pm",779.95,1257.52,5209.92,1139.04
"042","9pm",906.73,1234.3,5543.03,1139.04
"042","10pm",920.63,1292.64,5370.26,1139.04
"042","11pm",920.63,1292.64,5469.83,1139.04
"042","12pm",843.64,1292.64,5346.25,1139.04
"042","1am",843.64,1234.3,5346.25,1139.04
"042","2am",843.64,1234.3,5430.54,1139.04
"042","3am",843.64,1234.3,5430.54,1139.04
"043","4am",2126.22,1759.23,8809.75,2605.55
"043","5am",2032.32,1666.07,8809.75,2605.55
"043","6am",1939.17,1641.56,8444.52,2605.55
"043","7am",1821.57,1183.16,7689.77,2419.24
"043","8am",776.14,976.36,5821.91,2419.24
"043","9am",589.09,895.82,4722.5,2428.1
"043","10am",754.82,838.34,4508.54,2538.19
"043","11am",776.87,828.95,3988.93,2335.31
"043","12am",776.87,754.58,4266.78,2428.1
"043","1pm",502.24,919.57,5326.42,2512.4
"043","2pm",589.09,970.07,5302.33,2512.4
"043","3pm",408.35,801.19,4751.23,2646.22
"043","4pm",776.14,856.43,4858.75,2841.81
"043","5pm",835.05,977.87,5442.95,2328.79
"043","6pm",1296.74,722.95,6897.64,2307.2
"043","7pm",1904.32,1029.05,8332.4,2512.4
"043","8pm",2270.45,1209.62,9196.97,2512.4
"043","9pm",2270.45,1661.71,9202.8,2605.55
"043","10pm",2358.34,1858.74,9137.29,2605.55
"043","11pm",2222.49,1858.74,9013.39,2605.55
"043","12pm",2222.49,1858.74,9210.04,2605.55
"043","1am",2222.49,1858.74,9294.33,2605.55
"043","2am",2222.49,1858.74,9053.75,2605.55
"043","3am",2222.49,1759.88,8954.89,2605.55
"044","4am",1003.23,1028.64,3863.58,2360.68
"044","5am",1003.23,1028.64,3892.52,2360.68
"044","6am",1095.27,1028.64,3677.06,2252.95
"044","7am",1049.37,1034.25,3797.87,2252.95
"044","8am",697.29,772.82,3212.11,2324.79
"044","9am",727.32,831.52,3207.13,2319.43
"044","10am",727.32,854,3229.45,2167.28
"044","11am",677.23,960.8,3392.42,2345.39
"044","12am",677.23,858.18,3232.13,2410.35
"044","1pm",659.9,787.25,3022.87,2207.05
"044","2pm",465.63,1144.24,3434.98,2508.65
"044","3pm",407.32,1140.32,3692.74,2513.5
"044","4pm",441.01,1220.64,3176.86,2256.53
"044","5pm",573.45,1195.99,2806.82,2455.61
"044","6pm",576.05,953.43,3455.86,2609.25
"044","7pm",683.78,819.35,3828.38,2506.04
"044","8pm",951.77,880.24,3666.43,2536.25
"044","9pm",1099.56,1061.29,3645.69,2390.89
"044","10pm",1083.66,1061.29,3691.59,2390.89
"044","11pm",1170.2,1107.19,3691.59,2452.48
"044","12pm",1109.31,1107.19,3803.27,2514.08
"044","1am",1003.23,1107.19,3853.36,2514.08
"044","2am",1003.23,1107.19,3853.36,2514.08
"044","3am",1003.23,1107.19,3853.36,2514.08
"045","4am",1538.52,441.15,5444.62,2523.79
"045","5am",1538.52,441.15,5444.62,2523.79
"045","6am",1538.52,441.15,5444.62,2523.79
"045","7am",1491.77,441.15,5135.36,2523.79
"045","8am",578.46,331.57,4451.13,2523.79
"045","9am",573.75,497.17,3150.5,2414.21
"045","10am",358.72,600.61,2976.49,2108.86
"045","11am",417.06,532.61,2777.29,1945.41
"045","12am",349.05,477.82,2887.9,2151.75
"045","1pm",417.06,423.95,2565.03,2316.11
"045","2pm",467.14,469.85,2845.47,2435.14
"045","3pm",463.59,366.41,2653.42,2435.14
"045","4pm",463.59,366.41,2678.37,2215.21
"045","5pm",444.95,488.4,2992.64,1871.99
"045","6pm",535.59,327.41,3511.16,2159.64
"045","7pm",1169.5,520.09,4745.53,2351.49
"045","8pm",1255.48,490.28,5334.11,2219.52
"045","9pm",1391.49,453.56,5285.83,2329.1
"045","10pm",1477.47,453.56,5350.12,2438.68
"045","11pm",1477.47,508.35,5316.2,2438.68
"045","12pm",1545.48,508.35,5452.22,2438.68
"045","1am",1545.48,441.15,5670.5,2438.68
"045","2am",1545.48,441.15,5585.39,2438.68
"045","3am",1545.48,441.15,5585.39,2438.68
"046","4am",2811.02,700.56,5136.99,1052.54
"046","5am",2811.02,776.32,5136.99,1052.54
"046","6am",2798.81,837.12,5136.99,1052.54
"046","7am",2690.7,786.91,5103.88,1052.54
"046","8am",1778.22,1314.18,5297.83,1004.94
"046","9am",1920.99,3109.7,7089.18,957.35
"046","10am",1955.85,3591.08,7628.34,1215.81
"046","11am",2204.91,3582.92,8319.79,1401.96
"046","12am",2291.99,3332.04,8644.1,1348.19
"046","1pm",2630.43,3357.36,8247.3,1360.39
"046","2pm",2660.39,3802.76,7390.39,1285.38
"046","3pm",2564.05,3682.95,7516.89,1626.4
"046","4pm",2876.6,3509.44,7070.99,1987.32
"046","5pm",3135.66,2582.86,6598.26,1643.4
"046","6pm",2882.27,2365.13,6369.31,1235.7
"046","7pm",3346.04,1616.03,5937.18,1040.91
"046","8pm",3508.22,1049.93,5272.21,1222.03
"046","9pm",3351.29,827.38,5416.96,1222.03
"046","10pm",3245.55,885.72,5464.55,1052.54
"046","11pm",3114.52,827.38,5447.14,1052.54
"046","12pm",3008.75,791.5,5171.49,1052.54
"046","1am",2832.74,700.56,5101.65,1052.54
"046","2am",2844.95,700.56,5101.65,1052.54
"046","3am",2844.95,700.56,5101.65,1052.54
"047","4am",3066.69,1658.22,5264.99,1935.86
"047","5am",3066.69,1582.46,5264.99,1935.86
"047","6am",3066.69,1582.46,5182.01,1935.86
"047","7am",2953.68,1436.48,4841.92,1935.86
"047","8am",3097.88,1305.13,4550.17,1935.86
"047","9am",3504.35,1084.1,3981.01,1912.8
"047","10am",3444.29,1012.87,3760.08,1807.72
"047","11am",3186.98,1331.45,4243.7,2005.15
"047","12am",3232.59,1536.87,4056.52,1850.71
"047","1pm",3184.81,1759.69,3666.14,1817.4
"047","2pm",3414.6,1544.05,3506.22,1719.82
"047","3pm",3390.02,1661.27,3278.3,1488.4
"047","4pm",3350.26,1529.79,3323.78,1389.78
"047","5pm",3234.84,1529.03,3709.7,1433.29
"047","6pm",2519.35,1462.37,3678.96,1816.08
"047","7pm",2867.36,1773.43,4506.22,1928.68
"047","8pm",2471.74,1610.58,5041.68,1900.38
"047","9pm",2753,1686.34,5328.88,1860.1
"047","10pm",2839.54,1611.72,5362.19,1935.86
"047","11pm",3035.42,1611.72,5364.31,2011.62
"047","12pm",3113.3,1572.3,5416.51,2087.38
"047","1am",3113.3,1658.22,5416.51,2087.38
"047","2am",3052.36,1658.22,5416.51,2087.38
"047","3am",3052.36,1658.22,5416.51,2087.38
"048","4am",571.45,406.43,3679.44,1578.18
"048","5am",571.45,406.43,3679.44,1578.18
"048","6am",571.45,406.43,3609.59,1578.18
"048","7am",571.45,336.59,3576.29,1578.18
"048","8am",315.65,336.59,2766.52,1578.18
"048","9am",315.65,150.41,1851.48,1478.26
"048","10am",315.65,86.77,1843.89,1484.31
"048","11am",222.67,86.77,1422.26,1154.33
"048","12am",152.82,40.28,1476.48,1290.79
"048","1pm",195.35,40.28,2130.05,1390.71
"048","2pm",195.35,40.28,2091.3,1390.71
"048","3pm",195.35,40.28,2069.8,1406.56
"048","4pm",195.35,40.28,1808.72,1150.58
"048","5pm",232.67,80.57,1988.47,1297.76
"048","6pm",279.16,220.25,2332.3,1431
"048","7pm",395.49,406.43,2938.97,1544.87
"048","8pm",488.47,406.43,3325.03,1537.9
"048","9pm",441.98,406.43,3436.6,1578.18
"048","10pm",441.98,406.43,3641.24,1611.49
"048","11pm",441.98,406.43,3641.24,1611.49
"048","12pm",441.98,406.43,3780.92,1611.49
"048","1am",488.47,406.43,3850.77,1611.49
"048","2am",488.47,406.43,3725.93,1611.49
"048","3am",488.47,406.43,3725.93,1611.49
"049","4am",975.7,1760.62,5642.11,1967.97
"049","5am",975.7,1760.62,5920.26,1967.97
"049","6am",975.7,1727.12,6061.64,1967.97
"049","7am",915.02,1690.81,6611.36,1967.97
"049","8am",892.1,1711.74,6545.29,1967.97
"049","9am",913.88,1923.63,6479.2,1914.15
"049","10am",964.98,2098.46,6841.91,2372.65
"049","11am",1336.91,2246.1,7625.56,2836.93
"049","12am",1425.8,2455.76,7885.83,2208.91
"049","1pm",1072.4,2503.11,7638.19,2321.26
"049","2pm",1109.92,2227.41,7116.67,2400.19
"049","3pm",1154.13,2411.94,9185.8,3170
"049","4pm",1487.87,2248.41,9040.21,3394.82
"049","5pm",1663.97,2217.83,8136.75,3136.57
"049","6pm",1824.67,2132.94,7671.19,2580.78
"049","7pm",1807.33,2613.76,8156.68,2364.37
"049","8pm",1624.7,2162.02,7266.34,1967.97
"049","9pm",1305.87,2068.79,6586.03,1909.45
"049","10pm",827.55,2011.34,5941.3,1909.45
"049","11pm",827.55,2041.78,5720.12,1909.45
"049","12pm",827.55,1899.31,5720.12,1909.45
"049","1am",881.38,1702.1,5778.64,1909.45
"049","2am",939.9,1760.62,5735.88,1909.45
"049","3am",939.9,1760.62,5735.88,1909.45
"050","4am",2517.53,2191.48,10926.07,4237.1
"050","5am",2517.53,2191.48,10903.69,4237.1
"050","6am",2661.93,2191.48,10679.87,4237.1
"050","7am",1953.69,2186.19,9604.54,4134.89
"050","8am",875.57,2234.87,6960.64,4134.89
"050","9am",1264.67,1733.45,6262.61,4032.68
"050","10am",1220.98,1246.85,6374.46,4076.44
"050","11am",1396.56,1300.82,5460.46,3731.18
"050","12am",1220.98,1353.52,6278.47,3828.26
"050","1pm",1056.24,1700.22,6185,4032.68
"050","2pm",1615.99,1200.98,6692.1,3930.47
"050","3pm",1589.31,1220.38,6141.85,4102.81
"050","4pm",1805.53,1220.38,6360.92,3678.97
"050","5pm",1579.71,1227.34,7301.52,3726.05
"050","6pm",1360.21,1599.9,8600.64,3794.39
"050","7pm",1946.85,1653.87,9961.3,3998.81
"050","8pm",1711.11,2166.67,9638.82,4305.44
"050","9pm",2297.75,2176.46,10456.63,4237.1
"050","10pm",2330.08,2190.55,10760.53,4237.1
"050","11pm",2330.08,2190.55,10819.5,4237.1
"050","12pm",2330.08,2089.27,10874.94,4237.1
"050","1am",2330.08,2089.27,10836.79,4237.1
"050","2am",2681.24,2089.27,10836.79,4237.1
"050","3am",2681.24,2089.27,10836.79,4237.1
"051","4am",1991.74,2605.32,11859.34,3120.88
"051","5am",1991.74,2478.38,11734.5,3120.88
"051","6am",1991.74,2478.38,11847.3,3120.88
"051","7am",1610.91,2243.62,10424.77,2924.6
"051","8am",728.38,1544.09,7407.71,2708.97
"051","9am",728.38,1544.35,6742.84,2601.16
"051","10am",728.38,1227.45,6527.22,2561.56
"051","11am",728.38,1199.46,6740.4,2438.2
"051","12am",601.43,1271.3,6612.74,2843.59
"051","1pm",885.63,1195.38,6554.84,2816.78
"051","2pm",829.66,1279.43,6875.07,2658.84
"051","3pm",952.37,1451.89,6945.28,2115.3
"051","4pm",707.56,1553.17,6990.62,1842
"051","5pm",686.14,1569.81,7555.31,2117.93
"051","6pm",1089.51,1825.98,9004.99,2839.42
"051","7pm",1762.97,2186.47,10426.29,2926.25
"051","8pm",1828.23,2649.44,10595.57,3249.68
"051","9pm",1903.27,2562.01,11675.95,3249.68
"051","10pm",1903.27,2235.55,11696.44,3249.68
"051","11pm",1801.98,2297.84,11912.07,3336.5
"051","12pm",1890.45,2595.42,11842.35,3336.5
"051","1am",2078.57,2536.9,11859.34,3336.5
"051","2am",2078.57,2605.32,11859.34,3336.5
"051","3am",2078.57,2605.32,11859.34,3336.5
"052","4am",1508.85,1806.76,8655.53,1998.73
"052","5am",1355.52,1806.76,8655.53,1998.73
"052","6am",1355.52,1942.67,8688.62,1998.73
"052","7am",1048.85,1868.71,8014.14,1924.77
"052","8am",819.8,1490.68,6408.53,1850.81
"052","9am",671.88,1371.99,5103.68,1776.85
"052","10am",671.88,1097.04,4979.04,1628.93
"052","11am",671.88,1332.73,5532.41,1708.85
"052","12am",749.84,1332.73,5140.09,2004.68
"052","1pm",771.15,915.19,5607.68,2024.43
"052","2pm",579.3,1048.87,5189.4,2024.43
"052","3pm",705.91,821.57,5093.14,1702.89
"052","4pm",675.88,805.01,4808.62,1992.6
"052","5pm",675.08,1133.92,5111.71,1776.85
"052","6pm",737.19,1574.36,5330.01,1959.31
"052","7pm",1809.74,1690.54,7367.88,1776.85
"052","8pm",1752.23,1714.33,8056.01,1850.81
"052","9pm",1598.9,1578.06,8751.95,1702.89
"052","10pm",1676.47,1578.06,8825.91,1850.81
"052","11pm",1750.43,1731.39,8733.49,1998.73
"052","12pm",1750.43,1731.39,8733.49,1998.73
"052","1am",1750.43,1806.76,8808.86,1998.73
"052","2am",1750.43,1806.76,8808.86,1998.73
"052","3am",1750.43,1806.76,8808.86,1998.73
"053","4am",1467.17,1305.82,8068.8,3361.54
"053","5am",1467.17,1305.82,7915.97,3361.54
"053","6am",1467.17,1305.82,7658.49,3361.54
"053","7am",1161.52,1458.64,6544.12,3361.54
"053","8am",874.2,1445.56,4547.14,3361.54
"053","9am",791.73,1106.42,4283.03,3091.95
"053","10am",556.44,1140.36,4084.96,2840.12
"053","11am",612.05,953.6,4262.8,2868.44
"053","12am",694.52,848.94,4003.66,2653
"053","1pm",636.94,1062.23,3801.06,3009.48
"053","2pm",817.36,1014.06,4429.15,3033.98
"053","3pm",817.36,941.49,4611.03,3198.92
"053","4pm",636.94,941.49,4847.55,3555.98
"053","5pm",570.07,939.06,4562.29,3009.75
"053","6pm",1138.61,861.62,5460.43,3256.88
"053","7pm",1302.24,953.76,7339.84,3361.54
"053","8pm",1314.34,1189.06,7502.08,3279.07
"053","9pm",1228.38,1424.35,7697.73,3114.14
"053","10pm",1381.21,1353.99,7969.45,3114.14
"053","11pm",1467.17,1353.99,7889.62,3361.54
"053","12pm",1556.46,1458.64,7889.62,3361.54
"053","1am",1556.46,1458.64,7889.62,3361.54
"053","2am",1467.17,1458.64,8173.45,3361.54
"053","3am",1467.17,1458.64,8173.45,3361.54
"054","4am",4072.48,1920.54,9921.38,3759.77
"054","5am",4102.91,1920.54,9921.38,3759.77
"054","6am",3958.51,1784.63,9921.38,3759.77
"054","7am",3505.87,1784.63,9574.07,3604.96
"054","8am",3656.37,1714.87,9261.4,3692.15
"054","9am",3636.12,1854.15,10669.39,3985.34
"054","10am",3943.76,1799.83,10061,3734.46
"054","11am",3506.91,1952.66,9786.11,3563.71
"054","12am",3506.91,2032.49,9546.6,4083.45
"054","1pm",3517.4,2075.54,9695.4,3809.49
"054","2pm",3395.97,2005.05,10420.58,4187.19
"054","3pm",3272.63,1850.93,9546.57,3838.18
"054","4pm",3404.7,1850.93,9532.66,3679.74
"054","5pm",3734.51,2203.96,10946.21,3905.93
"054","6pm",3345.86,1779.67,9872.64,3758.89
"054","7pm",4138.25,1694.3,9845.32,3595.2
"054","8pm",4171.64,1840.95,9871.17,3919.65
"054","9pm",3979.32,1951.32,10241.81,3919.65
"054","10pm",4086.38,2078.19,10274.47,3759.77
"054","11pm",3901.66,1975.22,10315.02,3759.77
"054","12pm",3901.66,1975.22,10319.65,3759.77
"054","1am",3916.1,1989.66,10319.65,3759.77
"054","2am",4070.22,1989.66,10154.72,3759.77
"054","3am",4070.22,1989.66,10270.9,3759.77
"055","4am",2075.25,486.43,8190.64,2349.77
"055","5am",2075.25,486.43,8190.64,2349.77
"055","6am",2075.25,486.43,8190.64,2349.77
"055","7am",1328.09,486.43,7286.79,2349.77
"055","8am",916.25,494.97,5669.48,2349.77
"055","9am",590.01,312.62,3162.22,2279.36
"055","10am",581.92,312.62,2904.21,2002.63
"055","11am",581.92,312.62,2539.62,2002.63
"055","12am",581.92,312.62,2957.44,2395.23
"055","1pm",512.49,429.46,3742.79,2395.23
"055","2pm",403.75,422.72,3628.74,2113.6
"055","3pm",584.5,422.72,2925.42,1801.2
"055","4pm",403.75,422.72,2709.7,1728.35
"055","5pm",295.01,617.14,3381.15,2285.39
"055","6pm",590.01,568.14,4479.86,2201.61
"055","7pm",1678.61,559.6,6417.73,2279.36
"055","8pm",2016.29,559.6,7579.05,2349.77
"055","9pm",2125.03,576.53,7737.58,2415.28
"055","10pm",1958.41,466.44,7874.03,2415.28
"055","11pm",2075.25,500.84,8011.49,2415.28
"055","12pm",2075.25,566.35,8198.74,2415.28
"055","1am",2075.25,566.35,8198.74,2415.28
"055","2am",2075.25,566.35,8198.74,2415.28
"055","3am",2075.25,566.35,8198.74,2415.28
"056","4am",893.54,782.63,5429.84,1456.4
"056","5am",893.54,782.63,5376.06,1456.4
"056","6am",893.54,782.63,5403.65,1456.4
"056","7am",712.53,640.89,5450.53,1456.4
"056","8am",381.47,469.43,4796.31,1456.4
"056","9am",399.23,734.01,4333.17,1456.4
"056","10am",489.49,1345.64,4406.82,1401.78
"056","11am",489.49,1298.49,4291.23,1579.57
"056","12am",399.23,1035.73,4116.47,1238.27
"056","1pm",534.47,1134.67,4278.62,1621
"056","2pm",475.25,1163.28,4170.39,1789.15
"056","3pm",596.52,1163.28,3661.01,1853.93
"056","4pm",550.62,1141.05,4031.24,2301.55
"056","5pm",578.32,978.52,4046.07,2001.07
"056","6pm",770.48,996.27,4672.62,1912.02
"056","7pm",945.01,1020.46,4613.73,1577.54
"056","8pm",813.91,752.21,5266.71,1550.7
"056","9pm",758.3,815.63,5389.31,1503.55
"056","10pm",699.07,815.63,5462.28,1503.55
"056","11pm",699.07,815.63,5356.2,1503.55
"056","12pm",759.97,815.63,5436.05,1550.7
"056","1am",834.31,815.63,5414.68,1550.7
"056","2am",834.31,815.63,5475.57,1550.7
"056","3am",893.54,815.63,5475.57,1550.7
"057","4am",3010.78,1288.46,8773.25,1986.22
"057","5am",2881.35,1288.46,8773.25,1986.22
"057","6am",2881.35,1288.46,8577.48,1986.22
"057","7am",2881.35,1288.46,7295.74,1986.22
"057","8am",1000.03,1029.6,5065.94,1986.22
"057","9am",542.58,794.1,4296.73,1905.36
"057","10am",436.5,794.1,4113.37,1677.3
"057","11am",436.5,794.1,3809.25,1942.04
"057","12am",436.5,713.24,3480.58,2002.94
"057","1pm",436.5,923.53,3579.86,1930.91
"057","2pm",565.93,761.8,3408.64,2011.77
"057","3pm",1271.09,713.24,3424.67,1749.26
"057","4pm",1271.09,842.67,3588.68,1991.85
"057","5pm",2339.84,680.94,4849.46,2078.86
"057","6pm",2433.7,948.74,5016.8,2024.07
"057","7pm",2645.85,1207.6,7282.18,1905.36
"057","8pm",2669.21,1207.6,7847.03,1986.22
"057","9pm",2775.28,1207.6,8517.89,1986.22
"057","10pm",2775.28,1384.37,8437.03,1986.22
"057","11pm",2775.28,1384.37,8852.02,1986.22
"057","12pm",2775.28,1207.6,8824.07,1986.22
"057","1am",2881.35,1288.46,9155.95,1986.22
"057","2am",2881.35,1288.46,9155.95,1986.22
"057","3am",2881.35,1288.46,9155.95,1986.22
"058","4am",999.97,869.02,5792.66,1610.67
"058","5am",999.97,869.02,5792.66,1610.67
"058","6am",999.97,869.02,5792.66,1610.67
"058","7am",823.65,744.62,5150.64,1610.67
"058","8am",332.07,459.91,3980.62,1610.67
"058","9am",364.63,343.51,2238.76,1430.92
"058","10am",364.63,171.75,2191.41,1425.79
"058","11am",252.79,111.84,1854.97,1371
"058","12am",252.79,111.84,1704.47,1430.92
"058","1pm",220.94,296.15,2014.85,1430.92
"058","2pm",220.94,383.35,1981,1510.27
"058","3pm",220.94,383.35,2149.72,1450.35
"058","4pm",280.86,475.28,2467.19,1510.27
"058","5pm",220.94,557.9,2542.18,1679.26
"058","6pm",719.82,653.35,3063.14,1660.33
"058","7pm",823.65,407.99,4193.88,1715.12
"058","8pm",935.49,653.32,5053.11,1780.17
"058","9pm",935.49,717.8,5426.41,1670.59
"058","10pm",935.49,680.14,5507.04,1730.51
"058","11pm",999.97,869.02,5610.88,1730.51
"058","12pm",999.97,869.02,5765.87,1730.51
"058","1am",999.97,869.02,5817.78,1730.51
"058","2am",999.97,869.02,5921.62,1730.51
"058","3am",999.97,869.02,5921.62,1730.51
"059","4am",2332.95,610.43,7647.52,3397.81
"059","5am",2332.95,610.43,7647.52,3397.81
"059","6am",2332.95,610.43,7562.45,3397.81
"059","7am",1935.11,610.43,6382.58,3329.23
"059","8am",970.72,610.43,4247.71,3114.25
"059","9am",871.26,473.26,2887.12,3114.25
"059","10am",920.49,324.04,3067,2987.34
"059","11am",920.49,205.76,2924.15,2908.49
"059","12am",783.32,522.2,2923.9,2972.99
"059","1pm",622.85,590.79,3085.24,3114.25
"059","2pm",622.85,267.51,3516.22,3145.33
"059","3pm",752.34,357.76,3957.24,2802.4
"059","4pm",890.59,535.22,3724.03,2528.06
"059","5pm",990.05,612.46,4238.02,2496.98
"059","6pm",1202.62,681.04,5089.68,2698.65
"059","7pm",1620.99,749.63,6313.17,3050.8
"059","8pm",2172.49,700.69,6720.48,3256.55
"059","9pm",1984.48,610.43,7126.02,3325.14
"059","10pm",2183.4,610.43,7413.41,3325.14
"059","11pm",2271.95,610.43,7550.58,3325.14
"059","12pm",2332.95,610.43,7712.02,3325.14
"059","1am",2332.95,610.43,7712.02,3325.14
"059","2am",2332.95,610.43,7712.02,3325.14
"059","3am",2332.95,610.43,7712.02,3325.14
"060","4am",795.96,1804.3,7738.71,1646.1
"060","5am",795.96,1804.3,7362.53,1646.1
"060","6am",795.96,1804.3,7108.5,1646.1
"060","7am",678.43,1686.78,6086.56,1646.1
"060","8am",306.88,1435.95,5019.38,1465.99
"060","9am",184.73,1085.3,4224.07,1403.4
"060","10am",184.73,967.77,3951.73,1215.63
"060","11am",0,967.77,3676.08,1395.74
"060","12am",0,850.25,3771.33,1520.92
"060","1pm",249.41,728.1,4301.41,1442.22
"060","2pm",131.88,845.63,4063.43,1458.33
"060","3pm",254.03,845.63,4286.26,1346.81
"060","4pm",254.03,845.63,4082.11,1284.22
"060","5pm",254.03,665.51,5289.96,1468.31
"060","6pm",479.34,1002.03,5927.07,1583.51
"060","7pm",479.34,1363.84,7017.08,1583.51
"060","8pm",964.1,1661.48,7919.23,1646.1
"060","9pm",964.1,1624.19,7833.27,1583.51
"060","10pm",964.1,1624.19,7955.41,1583.51
"060","11pm",964.1,1624.19,7955.41,1583.51
"060","12pm",964.1,1741.72,7749.46,1583.51
"060","1am",795.96,1804.3,7801.3,1708.69
"060","2am",795.96,1804.3,7801.3,1708.69
"060","3am",795.96,1804.3,7801.3,1708.69
"061","4am",1812.38,1443.04,10413.19,2305.06
"061","5am",1812.38,1443.04,10252.69,2305.06
"061","6am",1812.38,1362.79,9782.65,2305.06
"061","7am",1644.24,1259.81,8561.3,2305.06
"061","8am",1367.38,1134.77,6774.4,2202.09
"061","9am",1287.13,1054.52,4804.38,2187.13
"061","10am",1012.62,1160.88,5223.87,2084.15
"061","11am",906.25,1160.88,5056.39,1981.18
"061","12am",906.25,1031.8,5262.34,2202.09
"061","1pm",964.86,1031.8,5318.93,2202.09
"061","2pm",1199.23,1138.16,5119.84,2136.91
"061","3pm",1199.23,1031.8,4559.71,2253.09
"061","4pm",986.51,1057.91,5347.03,2206.03
"061","5pm",1154.65,977.66,5739.28,2104.05
"061","6pm",1376.29,1051.52,6918.76,2136.15
"061","7pm",1141.92,1080.63,7847,2202.09
"061","8pm",1141.92,1111.96,8265.5,2393.08
"061","9pm",1599.91,1460.19,9640.81,2393.08
"061","10pm",1493.54,1250.86,9747.18,2393.08
"061","11pm",1537.87,1291.8,9759.16,2305.06
"061","12pm",1537.87,1291.8,10068.09,2305.06
"061","1am",1812.38,1443.04,10148.34,2305.06
"061","2am",1812.38,1443.04,10354.29,2305.06
"061","3am",1812.38,1443.04,10354.29,2305.06
"062","4am",2302.95,1603.19,11882.4,2241.92
"062","5am",2302.95,1603.19,11882.4,2241.92
"062","6am",2302.95,1603.19,11882.4,2241.92
"062","7am",2106.32,1381.2,10603.7,2241.92
"062","8am",1867.24,1048.05,8610.54,2241.92
"062","9am",1566.49,884.94,7553.06,1929.5
"062","10am",1415.18,786.43,7385.2,2296.82
"062","11am",1415.18,635.12,7646.28,2503.93
"062","12am",1453.33,759.33,7284.63,2245.27
"062","1pm",1295.31,777.21,7256.05,2135.84
"062","2pm",1416.18,593.49,7553.11,2074.95
"062","3pm",1038.6,723.13,7293.93,1965.68
"062","4pm",1168.03,723.13,7218.33,1969.65
"062","5pm",1045.88,658.09,7556.7,2386.2
"062","6pm",1440.09,1274.98,9622.69,2425.51
"062","7pm",2024.13,1239.18,10905.88,2093.57
"062","8pm",2414.67,1408.94,12097.41,2277.29
"062","9pm",2405.19,1346.91,11960.78,2277.29
"062","10pm",2406.67,1346.91,12146.79,2277.29
"062","11pm",2406.67,1619.91,12146.79,2241.92
"062","12pm",2505.18,1619.91,12343.8,2241.92
"062","1am",2505.18,1530.63,12343.8,2241.92
"062","2am",2603.69,1530.63,12137.85,2241.92
"062","3am",2603.69,1530.63,12137.85,2241.92
"063","4am",799.82,208.65,3271.88,939.83
"063","5am",799.82,208.65,3242.23,939.83
"063","6am",799.82,208.65,3209.14,939.83
"063","7am",679.07,137.42,2928.54,939.83
"063","8am",277.42,137.42,2131.77,939.83
"063","9am",254.71,104.33,1645.97,939.83
"063","10am",133.97,71.24,1432.52,797.36
"063","11am",167.06,71.24,1439.41,835.51
"063","12am",128.91,104.33,1560.16,835.51
"063","1pm",213.12,137.42,1679.06,901.69
"063","2pm",213.12,321.14,1429.08,840.57
"063","3pm",235.83,321.14,1330.63,703.41
"063","4pm",235.83,321.14,1334.96,1017.97
"063","5pm",356.57,321.14,1469.44,1031.07
"063","6pm",487.69,425.46,1864.16,1051.06
"063","7pm",705.87,474.84,2380.91,1306.02
"063","8pm",594.87,425.46,2785.43,939.83
"063","9pm",770.17,425.46,2891.37,939.83
"063","10pm",799.82,425.46,2959.16,939.83
"063","11pm",799.82,241.74,3134.46,939.83
"063","12pm",799.82,241.74,3200.64,939.83
"063","1am",799.82,241.74,3238.79,977.98
"063","2am",799.82,241.74,3271.88,977.98
"063","3am",799.82,241.74,3271.88,977.98
"064","4am",1348.54,2767.95,9112.17,2950.51
"064","5am",1348.54,2767.95,9237.01,2950.51
"064","6am",1348.54,2767.95,9237.01,2950.51
"064","7am",1132.47,2551.89,8462.31,2950.51
"064","8am",674.95,2060.76,7018.6,2950.51
"064","9am",843.34,1856.03,6269.47,3153.15
"064","10am",701.43,1881.42,5738.79,2764.63
"064","11am",701.43,1848.49,5682.95,2558.68
"064","12am",701.43,1973.33,6168.08,2741.14
"064","1pm",701.43,1973.33,6057.71,2915.17
"064","2pm",701.43,1882.1,5677.83,2915.17
"064","3pm",701.43,1757.26,5565.83,2915.17
"064","4pm",701.43,1757.26,5616.36,2259.55
"064","5pm",976.48,2208.09,5990.8,2401.34
"064","6pm",615.96,2552.57,5857.2,2310.11
"064","7pm",1032.93,2735.71,7079.29,2583.8
"064","8pm",1215.39,2918.18,8526.34,2843.82
"064","9pm",1090.55,2948.61,8828.98,2935.05
"064","10pm",1073.48,3022.05,9093.82,2935.05
"064","11pm",1073.48,3022.05,8952.03,2935.05
"064","12pm",1073.48,3022.05,8952.03,2857.49
"064","1am",982.25,2918.18,8952.03,2857.49
"064","2am",1198.32,2918.18,9218.65,2857.49
"064","3am",1198.32,2918.18,9343.49,2857.49
"065","4am",1215,1382.18,6963.71,1845.57
"065","5am",1215,1382.18,6806.54,1845.57
"065","6am",1344.43,1323.88,6869.6,1845.57
"065","7am",1227.81,1204.35,6615.74,1845.57
"065","8am",913.48,1015.17,5244.89,1746.7
"065","9am",775.88,1056.6,4071.91,1746.7
"065","10am",518.77,998.29,3914.75,1707.09
"065","11am",561.02,860.7,3973.05,1587.57
"065","12am",561.02,860.7,4121.23,1627.18
"065","1pm",551.12,929.41,4025.43,1627.18
"065","2pm",609.43,820.14,4254.43,1627.18
"065","3pm",708.29,892.7,4160.75,1389.32
"065","4pm",666.03,892.7,3964.23,1151.45
"065","5pm",629.76,978.25,4204.16,1301.61
"065","6pm",1007.34,1024.14,4844.11,1632.68
"065","7pm",1065.65,987.47,5742.75,1876.59
"065","8pm",1012.92,1008.13,6569.25,1851.62
"065","9pm",1083.39,967.9,6490.79,1772.33
"065","10pm",1261.55,967.9,6589.66,1772.33
"065","11pm",1219.29,1026.2,6706.27,1686.99
"065","12pm",1219.29,1026.2,6785.55,1845.57
"065","1am",1219.29,1145.73,6785.55,1845.57
"065","2am",1219.29,1145.73,6785.55,1845.57
"065","3am",1219.29,1244.59,6884.42,1845.57
"066","4am",704.49,3471.91,8268.4,2260.1
"066","5am",798.38,3190.27,8268.4,2260.1
"066","6am",798.38,3121.63,8461.45,2367.84
"066","7am",641.48,2840,7851.81,2275.91
"066","8am",641.48,2121.56,7186,2275.91
"066","9am",630.96,1887.98,6436.4,2171.65
"066","10am",630.96,1576.38,5976.95,1858.87
"066","11am",707.95,1576.38,5398.79,1754.15
"066","12am",707.95,1444.51,5820.44,2141.23
"066","1pm",619.69,1511.59,6010.35,2137.76
"066","2pm",798.25,1616.45,6293.23,1720.72
"066","3pm",798.25,1616.45,5754.37,1303.67
"066","4pm",525.8,1542.15,6102.58,1349.58
"066","5pm",702.32,1713.41,6175.69,1349.58
"066","6pm",614.06,2368.2,6921.62,1807.68
"066","7pm",608.58,2786.59,7708.61,1941.82
"066","8pm",618.12,3116.33,7836.37,2168.18
"066","9pm",531.59,2981.75,8126.9,2063.92
"066","10pm",531.59,3471.91,8268.4,2063.92
"066","11pm",531.59,3471.91,8268.4,2063.92
"066","12pm",531.59,3471.91,8391.99,2063.92
"066","1am",531.59,3471.91,8391.99,2168.18
"066","2am",531.59,3471.91,8391.99,2168.18
"066","3am",531.59,3471.91,8391.99,2168.18
